variant	arm	ctg_states	ctg_transitions
1	1	211	339
2	2	209	337
3	3	211	339
4	4	209	337
5	5	209	337
6	6	211	339
7	7	189	306
8	8	189	306
9	9	189	307
10	10	191	309
11	11	189	307
12	12	191	309
13	13	169	276
14	14	169	276
15	15	169	276
16	16	169	277
17	17	171	279
18	18	138	229
19	19	138	229
20	20	138	229
21	21	138	229
22	22	138	229
23	23	138	229
24	24	120	201
25	25	120	200
26	26	120	200
27	27	120	200
28	28	120	200
29	29	120	200
30	30	120	200
31	31	122	203
32	32	100	169
33	33	100	169
34	34	100	169
35	35	100	169
36	36	100	169
37	37	100	169
38	38	100	169
39	39	100	169
