purpose	ctg_states	ctg_transitions
# from generated/tc/generate_tc_all.log ("ctg: N states, M transitions"), the 2026-09-30 generation that produced the 31 cases
app_cache_stale	65	94
app_extapi_fail	68	100
app_lazy_processing	100	144
app_unavailable	142	198
app_write_fail	70	98
db_abort	142	198
db_corrupt	61	89
db_event_loss	71	102
infra_db_down	142	198
infra_sidekiq_dead	136	198
infra_storage_full	142	198
input_invalid	71	100
input_overlimit	71	100
nominal	98	140
ue_kill	67	101
ue_session_expired	172	248
